up_slope,under_slope,sum_slope
0.000333,-0.000099,0.00023400000000000002
